{"cameraMode":{"drawMode":0,"name":"Shaded","section":"Shading Mode"},"sceneLighting":true,"audioPlay":false,"sceneViewState":{"m_AlwaysRefresh":false,"showFog":true,"showSkybox":true,"showFlares":true,"showImageEffects":true,"showParticleSystems":true,"showVisualEffectGraphs":true,"m_FxEnabled":true},"in2DMode":false,"pivot":{"x":51.44377899169922,"y":0.8512787818908691,"z":-25.680389404296876},"rotation":{"x":0.01412929780781269,"y":0.7396548390388489,"z":-0.015534418635070324,"w":0.6726621389389038},"size":35.29033279418945,"orthographic":false}